<!-- Дедлайн: 14/09/2023

1. Установить MySQL на VM.
2. (**) Настроить Multi-Primary репликацию для MySQL на 2 VM согласно инструкции.
3. Создать схему БД clinic и наполнить её данными используя скрипты из https://github.com/tms-dos17-onl/_sandbox/tree/main/lecture18/mysql/initdb.d/data.
4. Создать бэкап базы данных clinic.
5. Написать следующие SQL запросы:
- Вывести всех врачей, работающих в терапевтическом отделении.
- Вывести в каких отделениях побывал каждый пациент.
- Обновить дату приёма для пациента Ивана Иванова на 2022-02-09.
- Удалить врача Андрея Быкова и все его приёмы.
- Добавить нового врача Фила Ричардса и новую пациентку Василису Васильеву и записать её к Филу Ричардсу на приём на 2022-02-14.
6. Восстановить базу данных clinic из бэкапа и проверить, что данные соответствуют состоянию базы данных до внесенных в предыдущем задании изменений.
7. Установить MongoDB
8. Создать БД clinic и наполнить её данными используя скрипты из https://github.com/tms-dos17-onl/_sandbox/tree/main/lecture18/mongo/initdb.d.
9. Написать выборочно 3 запроса из задания 4 для MongoDB используя mongosh команды.

** не обязательны к выполнению. Задачи на интерес -->

# 1. Установить MySQL на VM.
```
den@den-VirtualBox:~$ sudo apt install mysql-server
```
```
den@den-VirtualBox:~$ sudo mysql_secure_installation

Securing the MySQL server deployment.
Connecting to MySQL using a blank password.

VALIDATE PASSWORD COMPONENT can be used to test passwords
and improve security. It checks the strength of password
and allows the users to set only those passwords which are
secure enough. Would you like to setup VALIDATE PASSWORD component?
Press y|Y for Yes, any other key for No: Y
There are three levels of password validation policy:

LOW    Length >= 8
MEDIUM Length >= 8, numeric, mixed case, and special characters
STRONG Length >= 8, numeric, mixed case, special characters and dictionary                  file

Please enter 0 = LOW, 1 = MEDIUM and 2 = STRONG: 0    

Skipping password set for root as authentication with auth_socket is used by default.

If you would like to use password authentication instead, this can be done with the "ALTER_USER" command.

See https://dev.mysql.com/doc/refman/8.0/en/alter-user.html#alter-user-password-management for more information.

By default, a MySQL installation has an anonymous user,
allowing anyone to log into MySQL without having to have
a user account created for them. This is intended only for
testing, and to make the installation go a bit smoother.
You should remove them before moving into a production
environment.

Remove anonymous users? (Press y|Y for Yes, any other key for No) : No

 ... skipping.

Normally, root should only be allowed to connect from
'localhost'. This ensures that someone cannot guess at
the root password from the network.

Disallow root login remotely? (Press y|Y for Yes, any other key for No) : n

 ... skipping.

By default, MySQL comes with a database named 'test' that
anyone can access. This is also intended only for testing,
and should be removed before moving into a production
environment.

Remove test database and access to it? (Press y|Y for Yes, any other key for No) : n
 ... skipping.

Reloading the privilege tables will ensure that all changes
made so far will take effect immediately.

Reload privilege tables now? (Press y|Y for Yes, any other key for No) : y
Success.
All done! 
```

```
den@den-VirtualBox:~$ sudo systemctl status mysql.service 
● mysql.service - MySQL Community Server
     Loaded: loaded (/lib/systemd/system/mysql.service; enabled; vendor preset:>
     Active: active (running) since Sat 2023-09-16 18:28:44 +03; 5min ago
    Process: 23454 ExecStartPre=/usr/share/mysql/mysql-systemd-start pre (code=>

   Main PID: 23462 (mysqld)
     Status: "Server is operational"
      Tasks: 39 (limit: 4599)
     Memory: 365.7M
        CPU: 5.665s
     CGroup: /system.slice/mysql.service
             └─23462 /usr/sbin/mysqld

вер 16 18:28:40 den-VirtualBox systemd[1]: Starting MySQL Community Server...
вер 16 18:28:44 den-VirtualBox systemd[1]: Started MySQL Community Server.
```

# 2. (**) Настроить Multi-Primary репликацию для MySQL на 2 VM согласно инструкции.
```
Пока после нескольких раз не получилось . поэтому пропускаю
```

# 3. Создать схему БД clinic и наполнить её данными используя скрипты из https://github.com/tms-dos17-onl/_sandbox/tree/main/lecture18/mysql/initdb.d/data.
```
den@den-VirtualBox:~$ sudo mysql -u root -p

mysql> source /home/den/HW15_MySQL/mysql/initdb.d/data/schema.sql

mysql> use clinic
Database changed
mysql> SHOW databases;
+--------------------+
| Database           |
+--------------------+
| clinic             |
| information_schema |
| mysql              |
| performance_schema |
| sys                |
+--------------------+
5 rows in set (0,00 sec)

mysql> use clinic
Database changed
mysql> show tables 
    -> ;
+------------------+
| Tables_in_clinic |
+------------------+
| Appointment      |
| Department       |
| Doctor           |
| Job              |
| Patient          |
| Room             |
+------------------+
6 rows in set (0,00 sec)

mysql> source /home/den/HW15_MySQL/mysql/initdb.d/data/data.sql
```

# 4. Создать бэкап базы данных clinic.
```
den@den-VirtualBox:~$ sudo mysqldump -u root -p clinic > /home/den/HW15_MySQL/dump_clinic.sql
```

# 5. Написать следующие SQL запросы:
- Вывести всех врачей, работающих в терапевтическом отделении.
```
mysql> SELECT Doctor.FirstName,Doctor.LastName FROM ((Doctor INNER JOIN Job ON Doctor.id = Job.Doctor_id) INNER JOIN Department ON Job.Department_id = Department.id) WHERE Name = 'Терапевтический';

+----------------+--------------------+
| FirstName      | LastName           |
+----------------+--------------------+
| Андрей         | Быков              |
| Варвара        | Черноус            |
| Глеб           | Романенко          |
| Семён          | Лобанов            |
+----------------+--------------------+

4 rows in set (0,00 sec)
```
- Вывести в каких отделениях побывал каждый пациент.
```
mysql> select Patient.FirstName, Patient.LastName, Department.Name 
    -> FROM (((Patient INNER JOIN Appointment ON Patient.id = Appointment.Patient_id)
    -> INNER JOIN Room ON Appointment.Room_id = Room.id)
    -> INNER JOIN Department ON Room.Department_id = Department.id);

+------------+------------------+---------------------------------------------+
| FirstName  | LastName         | Name                                        |
+------------+------------------+---------------------------------------------+
| Сидор      | Сидоров          | Терапевтический                             |
| Анна       | Семёнова         | Терапевтический                             |
| Елена      | Попова           | Терапевтический                             |
| Иван       | Иванов           | Кожно-венерологический                      |
| Пётр       | Петров           | Кожно-венерологический                      |
+------------+------------------+---------------------------------------------+

5 rows in set (0,00 sec)
```
- Обновить дату приёма для пациента Ивана Иванова на 2022-02-09.
```
mysql> UPDATE Appointment SET Appointment.Date = '2022-02-09' WHERE Appointment.Patient_id IN (SELECT Patient.id FROM Patient WHERE Patient.FirstName = 'Иван' AND Patient.LastName = 'Иванов');

mysql> SELECT * FROM Appointment;

+----+---------------------+------------+-----------+---------+
| id | Date                | Patient_id | Doctor_id | Room_id |
+----+---------------------+------------+-----------+---------+
|  1 | 2022-01-09 00:00:00 |          5 |         1 |       5 |
|  2 | 2022-01-09 00:00:00 |          3 |         2 |       1 |
|  3 | 2022-02-09 00:00:00 |          1 |         3 |       4 |
|  4 | 2022-01-09 00:00:00 |          2 |         4 |       3 |
|  5 | 2022-01-09 00:00:00 |          4 |         5 |       2 |
+----+---------------------+------------+-----------+---------+

5 rows in set (0,01 sec)
```
- Удалить врача Андрея Быкова и все его приёмы.
```
ОШИБКА 1451 (23000): https://serverok.in/mysql-cannot-delete-or-update-a-parent-row
mysql> SET FOREIGN_KEY_CHECKS=0;
Query OK, 0 rows affected (0,00 sec)

mysql> DELETE Doctor, Appointment FROM Doctor, Appointment WHERE Doctor.id = Appointment.Doctor_id AND Doctor.FirstName = 'Андрей' AND Doctor.LastName = 'Быков';
Query OK, 2 rows affected (0,09 sec)

mysql> Select * FROM Appointment;
+----+---------------------+------------+-----------+---------+
| id | Date                | Patient_id | Doctor_id | Room_id |
+----+---------------------+------------+-----------+---------+
|  2 | 2022-01-09 00:00:00 |          3 |         2 |       1 |
|  3 | 2022-02-09 00:00:00 |          1 |         3 |       4 |
|  4 | 2022-01-09 00:00:00 |          2 |         4 |       3 |
|  5 | 2022-01-09 00:00:00 |          4 |         5 |       2 |
+----+---------------------+------------+-----------+---------+

4 rows in set (0,00 sec)

mysql> Select * FROM Doctor;

+----+----------------+--------------------+---------------+-----------------------------+------------+
| id | FirstName      | LastName           | Telephone     | Email                       | BirthDate  |
+----+----------------+--------------------+---------------+-----------------------------+------------+
|  2 | Иван           | Купитман           | +37529XXXXXXX | ivan.kupitman@clinic.com    | 1963-03-13 |
|  3 | Дмитрий        | Левин              | +37529XXXXXXX | dmitry.levin@clinic.com     | 1986-01-15 |
|  4 | Варвара        | Черноус            | +37529XXXXXXX | varvara.chernous@clinic.com | 1988-04-14 |
|  5 | Глеб           | Романенко          | +37529XXXXXXX | gleb.romanenko@clinic.com   | 1984-09-19 |
|  6 | Семён          | Лобанов            | +37529XXXXXXX | semen.lobanoff@clinic.com   | 1983-11-22 |
+----+----------------+--------------------+---------------+-----------------------------+------------+

5 rows in set (0,00 sec)
```
- Добавить нового врача Фила Ричардса и новую пациентку Василису Васильеву и записать её к Филу Ричардсу на приём на 2022-02-14.
```
mysql> Select * FROM Doctor;
+----+----------------+--------------------+---------------+-----------------------------+------------+
| id | FirstName      | LastName           | Telephone     | Email                       | BirthDate  |
+----+----------------+--------------------+---------------+-----------------------------+------------+
|  2 | Иван           | Купитман           | +37529XXXXXXX | ivan.kupitman@clinic.com    | 1963-03-13 |
|  3 | Дмитрий        | Левин              | +37529XXXXXXX | dmitry.levin@clinic.com     | 1986-01-15 |
|  4 | Варвара        | Черноус            | +37529XXXXXXX | varvara.chernous@clinic.com | 1988-04-14 |
|  5 | Глеб           | Романенко          | +37529XXXXXXX | gleb.romanenko@clinic.com   | 1984-09-19 |
|  6 | Семён          | Лобанов            | +37529XXXXXXX | semen.lobanoff@clinic.com   | 1983-11-22 |
|  7 | Фил            | Ричардс            | +37529XXXXXXX | filrich@clinic.com          | 1996-05-15 |
+----+----------------+--------------------+---------------+-----------------------------+------------+
6 rows in set (0,00 sec)

mysql> INSERT INTO Patient VALUE (6, 'Василиса', 'Васильева', '1996-03-15', 'Кремниваядолина', '+37529XXXXXXX', 'vasilisa.vasileva@example.com');
Query OK, 1 row affected (0,14 sec)

mysql> Select * FROM Patient;
+----+------------------+--------------------+------------+--------------------------------+---------------+-------------------------------+
| id | FirstName        | LastName           | BirthDate  | Address                        | Telephone     | Email                         |
+----+------------------+--------------------+------------+--------------------------------+---------------+-------------------------------+
|  1 | Иван             | Иванов             | 1991-01-01 | Тилимилитрямдия                | +37517XXXXXXX | ivan.ivanov@example.com       |
|  2 | Елена            | Попова             | 1992-02-02 | Тилимилитрямдия                | +37525XXXXXXX | elena.popova@example.com      |
|  3 | Сидор            | Сидоров            | 1993-03-03 | Тилимилитрямдия                | +37529XXXXXXX | ivan.ivanov@example.com       |
|  4 | Анна             | Семёнова           | 1994-04-04 | Тилимилитрямдия                | +37533XXXXXXX | anna.semenova@example.com     |
|  5 | Пётр             | Петров             | 1995-05-05 | Тилимилитрямдия                | +37544XXXXXXX | petr.petrov@example.com       |
|  6 | Василиса         | Васильева          | 1996-03-15 | Кремниваядолина                | +37529XXXXXXX | vasilisa.vasileva@example.com |
+----+------------------+--------------------+------------+--------------------------------+---------------+-------------------------------+
6 rows in set (0,00 sec)

mysql> INSERT INTO Appointment VALUE (6, '2022-01-10 08:20:00', 6, 7, 5);

Query OK, 1 row affected (0,09 sec)

mysql> Select * FROM Appointment;
+----+---------------------+------------+-----------+---------+
| id | Date                | Patient_id | Doctor_id | Room_id |
+----+---------------------+------------+-----------+---------+
|  2 | 2022-01-09 00:00:00 |          3 |         2 |       1 |
|  3 | 2022-02-09 00:00:00 |          1 |         3 |       4 |
|  4 | 2022-01-09 00:00:00 |          2 |         4 |       3 |
|  5 | 2022-01-09 00:00:00 |          4 |         5 |       2 |
|  6 | 2022-01-10 08:20:00 |          6 |         7 |       5 |
+----+---------------------+------------+-----------+---------+

5 rows in set (0,00 sec)
```
```
Полезная ссылка по командам SQL
http://2sql.ru/basic/sql-insert/
```

# 6. Восстановить базу данных clinic из бэкапа и проверить, что данные соответствуют состоянию базы данных до внесенных в предыдущем задании изменений.
```
den@den-VirtualBox:~$ sudo mysql -u root -p clinic < /home/den/HW15_MySQL/dump_clinic.sql 
mysql> select * from Doctor;

+----+----------------+--------------------+---------------+-----------------------------+------------+
| id | FirstName      | LastName           | Telephone     | Email                       | BirthDate  |
+----+----------------+--------------------+---------------+-----------------------------+------------+
|  1 | Андрей         | Быков              | +37529XXXXXXX | andrey.bykov@clinic.com     | 1966-06-22 |
|  2 | Иван           | Купитман           | +37529XXXXXXX | ivan.kupitman@clinic.com    | 1963-03-13 |
|  3 | Дмитрий        | Левин              | +37529XXXXXXX | dmitry.levin@clinic.com     | 1986-01-15 |
|  4 | Варвара        | Черноус            | +37529XXXXXXX | varvara.chernous@clinic.com | 1988-04-14 |
|  5 | Глеб           | Романенко          | +37529XXXXXXX | gleb.romanenko@clinic.com   | 1984-09-19 |
|  6 | Семён          | Лобанов            | +37529XXXXXXX | semen.lobanoff@clinic.com   | 1983-11-22 |
+----+----------------+--------------------+---------------+-----------------------------+------------+
6 rows in set (0,00 sec)
```

# 7. Установить MongoDB
```
den@den-VirtualBox:~$ curl -fsSL https://www.mongodb.org/static/pgp/server-6.0.asc|sudo gpg --dearmor -o /etc/apt/trusted.gpg.d/mongodb-6.gpg

den@den-VirtualBox:~$ echo "deb [ arch=amd64,arm64 ] https://repo.mongodb.org/apt/ubuntu $(lsb_release -cs)/mongodb-org/6.0 multiverse" | sudo tee /etc/apt/sources.list.d/mongodb-org-6.0.list
deb [ arch=amd64,arm64 ] https://repo.mongodb.org/apt/ubuntu jammy/mongodb-org/6.0 multiverse

den@den-VirtualBox:~$ sudo apt install mongodb-org

den@den-VirtualBox:~$ mongod --version
db version v6.0.10
Build Info: {
    "version": "6.0.10",
    "gitVersion": "8e4b5670df9b9fe814e57cb5f3f8ee9407237b5a",
    "openSSLVersion": "OpenSSL 3.0.2 15 Mar 2022",
    "modules": [],
    "allocator": "tcmalloc",
    "environment": {

        "distmod": "ubuntu2204",
        "distarch": "x86_64",
        "target_arch": "x86_64"
    }
}

den@den-VirtualBox:~$ sudo systemctl status mongod.service 

● mongod.service - MongoDB Database Server
     Loaded: loaded (/lib/systemd/system/mongod.service; enabled; vendor preset>
     Active: active (running) since Tue 2023-09-19 18:49:44 +03; 1min 10s ago
       Docs: https://docs.mongodb.org/manual
   Main PID: 3881 (mongod)
     Memory: 68.3M
        CPU: 3.016s
     CGroup: /system.slice/mongod.service
             └─3881 /usr/bin/mongod --config /etc/mongod.conf


вер 19 18:49:44 den-VirtualBox systemd[1]: Started MongoDB Database Server.
вер 19 18:49:45 den-VirtualBox mongod[3881]: {"t":{"$date":"2023-09-19T15:49:45>

```

# 8. Создать БД clinic и наполнить её данными используя скрипты из https://github.com/tms-dos17-onl/_sandbox/tree/main/lecture18/mongo/initdb.d.
```
den@den-VirtualBox:~/HW15_MySQL/mongo/initdb.d$ mongosh
Current Mongosh Log ID:	6509dc68dc34006c3f17efa2
Connecting to:		mongodb://127.0.0.1:27017/?directConnection=true&serverSelectionTimeoutMS=2000&appName=mongosh+2.0.1
Using MongoDB:		7.0.1
Using Mongosh:		2.0.1

For mongosh info see: https://docs.mongodb.com/mongodb-shell/

------
   The server generated these startup warnings when booting

   2023-09-19T20:08:38.594+03:00: Using the XFS filesystem is strongly recommended with the WiredTiger storage engine. See http://dochub.mongodb.org/core/prodnotes-filesystem

   2023-09-19T20:08:41.530+03:00: Access control is not enabled for the database. Read and write access to data and configuration is unrestricted

   2023-09-19T20:08:41.531+03:00: vm.max_map_count is too low
------

test> load("/home/den/HW15_MySQL/mongo/initdb.d/schema.js");
true

clinic> load("/home/den/HW15_MySQL/mongo/initdb.d/data.js");
true

```

# 9. Написать выборочно 3 запроса задания 5 для MongoDB с помощью mongoshкоманды.
```
Удалить врача Андрея Быкова и все его приемы.

clinic> doctor = db.doctor.findOne({ "LastName": "Быков", "FirstName": "Андрей" });
{
  _id: ObjectId("6509dd92dc34006c3f17efa8"),
  id: 1,
  Email: 'andrey.bykov@clinic.com',
  LastName: 'Быков',
  BirthDate: '1966-06-22',
  FirstName: 'Андрей',
  Telephone: '+37529XXXXXXX'
}

clinic> doctor = db.doctor.deleteOne({ "LastName": "Быков", "FirstName": "Андрей" });
{ acknowledged: true, deletedCount: 1 }

clinic> doctor = db.doctor.findOne({ "LastName": "Быков", "FirstName": "Андрей" });
null
```

```
Добавить нового врача Фила Ричардса и новую пациентку Василису Васильеву и записать её к Филу Ричардсу на приём на 2022-02-14

clinic> doctor = db.doctor.insertOne({ "id": 7, "FirstName": "Фил", "LastName": "Ричардс", "Telephone": "+375XXXXXXX", "Email": "filrich@clinic.com", "BirthDate": "1996-05-15"});

clinic> doctor = db.doctor.findOne({ "FirstName": "Фил", "LastName": "Ричардс" });
{
  _id: ObjectId("6509e8c1dc34006c3f17efc2"),
  id: 7,
  FirstName: 'Фил',
  LastName: 'Ричардс',
  Telephone: '+375XXXXXXX',
  Email: 'filrich@clinic.com',
  BirthDate: '1996-05-15'
}

clinic> patient = db.patient.insertOne({ "id": 6, "FirstName": "Василиса", "LastName": "Васильева", "Address": "Кремниваядолина", "Telephone": "+375XXXXXXX", "Email": "vasilisa.vasileva@example.com", "BirthDate": "1996-03-15" });

clinic> patient = db.patient.findOne({ "FirstName": "Василиса", "LastName": "Васильева" });
{
  _id: ObjectId("6509e9cbdc34006c3f17efc3"),
  id: 6,
  FirstName: 'Василиса',
  LastName: 'Васильева',
  Telephone: '+375XXXXXXX',
  Email: 'vasilisa.vasileva@example.com',
  BirthDate: '1996-03-15'
}

clinic> appointment = db.appointment.insertOne({ "id": 6, "Date": "2023-09-21 08:20:00", "Patient_id": 6, "Doctor_id": 7, "Room_id": 5 });

clinic> appointment = db.appointment.findOne({ "id": 6, "Date": "2023-09-21 08:20:00" });
{
  _id: ObjectId("6509ed30dc34006c3f17efc6"),
  id: 6,
  Date: '2023-09-21 08:20:00',
  Patient_id: 6,
  Doctor_id: 7,
  Room_id: 5
}
```